x,y,score1,score2
0,0,6.6075,0.94625
0,10,5.995,0.87
0,20,5.4175,0.725
0,30,5.85,0.6175
0,40,5.8075,1.06875
0,50,6.535,0.66125
0,60,6.98375,0.3975
0,70,7.10625,0.89875
0,80,6.20875,0.7875
0,90,6.00375,0.53625
0,100,6.15625,0.42125
0,110,6.155,0.60625
0,120,6.58125,0.415
0,130,8.575,0.41
0,140,7.40125,1.19875
0,150,5.37625,0.81125
0,160,5.47125,2.41375
0,170,3.425,6.47875
0,180,0.3375,0.2975
0,190,0.905,0.39
0,200,1.08125,0.42
0,210,0.295,0.2725
0,220,0.305,0.20375
0,230,0.26875,0.30875
0,240,0.44,0.27875
0,250,0.27625,0.3325
0,260,0.34125,0.385
0,270,0.2225,0.24625
0,280,0.30125,0.27875
0,290,0.33875,0.54625
0,300,0.39625,0.72625
0,310,1.105,4.03
0,320,3.30125,3.69375
0,330,4.34875,3.53875
0,340,0.34125,1.3375
0,350,0.22125,0.2225
0,360,0.21625,0.2925
0,370,0.24625,0.2925
10,0,1.02,0.50875
10,10,0.74875,0.375
10,20,0.68625,0.305
10,30,0.6575,0.3875
10,40,0.70125,0.34375
10,50,0.5825,0.3825
10,60,0.73875,0.6
10,70,0.46625,0.46125
10,80,0.52,0.485
10,90,0.4575,0.44875
10,100,0.46125,0.42
10,110,0.44125,0.4125
10,120,0.6075,1.85375
10,130,0.8,1.43375
10,140,0.6275,1.09375
10,150,0.51,0.85375
10,160,0.515,3.7675
10,170,0.6625,9.43875
10,180,0.4925,0.7975
10,190,0.705,0.93125
10,200,0.76125,0.94625
10,210,0.28,0.285
10,220,0.24875,0.335
10,230,0.3175,0.345
10,240,0.34875,0.345
10,250,0.31625,0.3225
10,260,0.26625,0.30875
10,270,0.2425,0.29
10,280,0.26375,0.40625
10,290,0.43,0.32125
10,300,0.3125,0.3975
10,310,0.3625,4.22375
10,320,1.555,8.43375
10,330,1.81125,7.81375
10,340,0.3325,1.39
10,350,0.21875,0.2375
10,360,0.2725,0.3275
10,370,0.2925,0.3275
20,0,0.8975,0.44
20,10,0.52,0.405
20,20,0.55,0.43125
20,30,0.56875,0.33625
20,40,0.62125,0.3975
20,50,0.67375,0.45125
20,60,0.58,0.5975
20,70,0.96875,0.645
20,80,0.6925,0.57
20,90,0.7525,0.545
20,100,0.645,0.545
20,110,0.63,0.51375
20,120,0.6825,1.92625
20,130,1.27,1.57375
20,140,0.79,1.18625
20,150,0.4425,0.62125
20,160,0.545,4.1625
20,170,1.67375,9.48875
20,180,4.2925,0.765
20,190,2.94625,0.68
20,200,1.91,0.7625
20,210,1.0675,0.33875
20,220,0.62625,0.36625
20,230,0.365,0.32125
20,240,0.44125,0.25
20,250,0.36875,0.3075
20,260,0.38375,0.2925
20,270,0.42125,0.25375
20,280,0.76875,0.26
20,290,0.5775,0.30875
20,300,0.34625,0.2675
20,310,0.4575,3.78625
20,320,0.41,10.82
20,330,0.21625,9.4775
20,340,0.22375,1.34375
20,350,0.31625,0.26625
20,360,0.2975,0.3625
20,370,0.4225,0.3625
30,0,0.435,0.5525
30,10,0.37,0.32
30,20,0.3025,0.3525
30,30,0.43875,0.33125
30,40,0.61875,0.6
30,50,0.665,0.5225
30,60,0.4975,0.53625
30,70,0.78375,0.49875
30,80,0.5525,0.545
30,90,0.8075,0.6175
30,100,0.92,0.575
30,110,5.57125,0.40125
30,120,12.1063,1.30125
30,130,12.2012,0.96625
30,140,10.6412,0.82875
30,150,8.54625,0.60625
30,160,6.88625,2.88625
30,170,4.63125,6.78
30,180,2.665,0.84875
30,190,3.06875,1.18875
30,200,4.295,1.38
30,210,4.3725,0.7425
30,220,4.23125,0.585
30,230,3.33125,0.5375
30,240,1.01875,0.385
30,250,0.3075,0.405
30,260,0.38125,0.3625
30,270,0.4175,0.55625
30,280,0.77125,0.78625
30,290,0.47625,0.555
30,300,0.39,0.42375
30,310,0.29875,3.88375
30,320,0.755,10.8012
30,330,0.45,9.3775
30,340,0.23,1.22875
30,350,0.385,0.305
30,360,0.6275,0.3425
30,370,0.5675,0.3425
40,0,0.3125,0.4175
40,10,0.405,0.4025
40,20,0.36125,0.46625
40,30,0.46125,0.55625
40,40,0.61,0.73125
40,50,0.59125,0.74
40,60,0.3875,0.72
40,70,0.5475,0.5
40,80,0.53125,0.7025
40,90,0.5475,0.7425
40,100,0.625,5.27375
40,110,2.1175,7.01875
40,120,1.91375,1.35375
40,130,3.13375,1.57875
40,140,4.6575,1.95875
40,150,6.61625,2.14625
40,160,8.70375,2.93375
40,170,9.07,4.15625
40,180,6.68375,1.315
40,190,7.76375,1.0175
40,200,7.85625,1.3175
40,210,6.025,0.84875
40,220,5.3175,1.265
40,230,2.6725,3.03
40,240,0.7025,1.02375
40,250,0.30375,0.32375
40,260,0.4275,0.37875
40,270,0.305,0.3825
40,280,0.3025,0.27875
40,290,0.27375,0.30375
40,300,0.2675,0.37
40,310,0.25875,4.54
40,320,0.9625,10.5088
40,330,0.315,9.045
40,340,0.30875,1.26375
40,350,0.43875,0.6825
40,360,0.53375,0.61
40,370,0.40375,0.61
50,0,0.4125,0.4375
50,10,0.50875,0.39375
50,20,0.375,0.47625
50,30,0.405,0.46
50,40,0.61125,0.5775
50,50,0.44125,0.48375
50,60,0.36375,0.4
50,70,0.3975,0.51375
50,80,0.53875,0.49875
50,90,0.46875,0.5875
50,100,0.315,7.29875
50,110,2.09375,6.6525
50,120,0.31625,0.23125
50,130,0.2825,0.2725
50,140,0.26375,0.175
50,150,0.20625,0.18875
50,160,0.25125,0.2875
50,170,0.29875,0.1475
50,180,0.285,0.32
50,190,0.345,0.7875
50,200,0.8975,1.07375
50,210,1.8825,0.96875
50,220,2.705,3.44
50,230,4.2775,3.875
50,240,0.725,1.005
50,250,0.5375,0.4525
50,260,0.41625,0.33875
50,270,0.3575,0.3775
50,280,0.34875,0.325
50,290,0.23125,0.28
50,300,0.35625,0.46125
50,310,0.32875,5.34125
50,320,1.18625,9.98375
50,330,0.21375,8.90875
50,340,0.72375,0.94875
50,350,0.9275,0.465
50,360,0.5975,0.5025
50,370,0.44625,0.5025
60,0,0.51625,0.50625
60,10,0.4925,0.42
60,20,0.3525,0.43875
60,30,0.375,0.49625
60,40,0.31625,0.365
60,50,0.37875,0.33125
60,60,0.42,0.41625
60,70,0.43375,0.435
60,80,0.3175,0.70375
60,90,0.44625,0.64625
60,100,0.55875,9.295
60,110,2.0075,5.0425
60,120,0.2175,0.2425
60,130,0.24375,0.22625
60,140,0.16875,0.1625
60,150,0.1825,0.21375
60,160,0.27125,0.2475
60,170,0.27875,0.27125
60,180,0.2125,0.225
60,190,0.26875,0.1575
60,200,0.21375,0.20375
60,210,0.295,0.18625
60,220,0.14625,6.165
60,230,3.39625,6.1925
60,240,0.4825,0.825
60,250,0.42875,0.32375
60,260,0.38125,0.2725
60,270,0.27625,0.29375
60,280,0.49125,0.4025
60,290,0.25875,0.27
60,300,0.25875,0.39875
60,310,0.32125,6.26875
60,320,1.0475,9.55875
60,330,0.2175,8.25625
60,340,1.39,0.85
60,350,1.53125,0.2075
60,360,1.5875,0.20625
60,370,1.78875,0.20625
70,0,0.48625,0.4075
70,10,0.49625,0.4075
70,20,0.41125,0.41625
70,30,0.45875,0.4825
70,40,0.41375,0.565
70,50,0.4025,0.45
70,60,0.3725,0.47
70,70,0.46375,0.42125
70,80,0.46,0.5825
70,90,0.54125,0.42625
70,100,0.395,11.1263
70,110,1.58875,3.06
70,120,0.165,0.18375
70,130,0.21625,0.20625
70,140,0.1375,0.14375
70,150,0.185,0.2225
70,160,0.2275,0.1775
70,170,0.19875,0.245
70,180,0.16,0.20375
70,190,0.18625,0.17
70,200,0.17375,0.275
70,210,0.21375,0.2675
70,220,0.185,8.615
70,230,3.865,8.12875
70,240,0.65,0.77375
70,250,0.3775,0.39125
70,260,0.27125,0.3375
70,270,0.36,0.40875
70,280,0.3875,0.43
70,290,0.31125,0.29
70,300,0.27,0.31375
70,310,0.42375,6.69
70,320,1.24875,9.10625
70,330,0.39875,6.90875
70,340,1.6675,0.68375
70,350,2.11875,0.23875
70,360,2.175,0.27
70,370,2.17125,0.27
80,0,0.47625,0.455
80,10,0.44125,0.43
80,20,0.4325,0.53625
80,30,0.5075,0.435
80,40,0.3425,0.44625
80,50,0.38125,0.325
80,60,0.46125,0.41125
80,70,0.4125,0.43
80,80,0.57,0.47625
80,90,0.5775,0.545
80,100,0.73125,12.3825
80,110,1.215,1.58875
80,120,0.16625,0.2025
80,130,0.22375,0.1925
80,140,0.15875,0.16875
80,150,0.16875,0.2725
80,160,0.1825,0.26375
80,170,0.2125,0.27125
80,180,0.15875,0.27
80,190,0.19375,0.1975
80,200,0.17,0.2225
80,210,0.2075,0.32125
80,220,0.26375,9.275
80,230,3.85,8.00125
80,240,0.38125,0.32375
80,250,0.37375,0.32
80,260,0.31125,0.33875
80,270,0.26875,0.30625
80,280,0.21375,0.21125
80,290,0.28375,0.17875
80,300,0.215,0.3975
80,310,0.97625,7.1875
80,320,1.99125,8.84625
80,330,0.34,5.3325
80,340,1.04125,0.355
80,350,1.43125,0.2025
80,360,1.315,0.25625
80,370,1.2775,0.25625
90,0,0.4175,0.47
90,10,0.3625,0.52125
90,20,0.64625,0.49125
90,30,0.4875,0.38
90,40,0.50375,0.4775
90,50,0.39125,0.385
90,60,0.50875,0.46
90,70,0.4025,0.4225
90,80,0.64625,0.70875
90,90,0.35125,0.88875
90,100,1.435,13.2963
90,110,0.51375,0.5775
90,120,0.2625,0.2725
90,130,0.21375,0.205
90,140,0.19625,0.18625
90,150,0.18,0.26625
90,160,0.24125,0.31875
90,170,0.21125,0.2525
90,180,0.17125,0.1975
90,190,0.1525,0.23125
90,200,0.1725,0.2475
90,210,0.26125,0.3825
90,220,0.83,9.83375
90,230,3.6225,8.395
90,240,0.44,0.43125
90,250,0.4175,0.45
90,260,0.2525,0.26625
90,270,0.2875,0.22375
90,280,0.2125,0.21125
90,290,0.25875,0.365
90,300,0.35375,1.21875
90,310,2.2175,8.2
90,320,2.59875,8.185
90,330,0.2975,4.52625
90,340,0.42125,0.3175
90,350,0.58125,0.23875
90,360,0.55875,0.26125
90,370,0.35625,0.26125
100,0,0.55125,0.495
100,10,0.38375,0.41
100,20,0.3925,0.365
100,30,0.525,0.38625
100,40,0.4175,0.355
100,50,0.4325,0.4325
100,60,0.48,0.38625
100,70,0.39125,0.39875
100,80,0.37,0.40875
100,90,0.485,1.965
100,100,1.5825,12.3475
100,110,0.31375,0.37125
100,120,0.26375,0.28875
100,130,0.2225,0.1825
100,140,0.25875,0.1275
100,150,0.195,0.1925
100,160,0.32875,0.23875
100,170,0.26875,0.1975
100,180,0.295,0.14625
100,190,0.2475,0.15375
100,200,0.2425,0.18125
100,210,0.4025,1.04625
100,220,2.17625,9.52875
100,230,2.50875,7.815
100,240,0.53625,0.26125
100,250,0.435,0.2175
100,260,0.695,0.21625
100,270,0.625,0.24875
100,280,0.655,0.2325
100,290,0.655,0.6325
100,300,1.2325,3.305
100,310,2.63375,8.58125
100,320,1.9275,6.99625
100,330,0.345,4.165
100,340,0.29625,0.3425
100,350,0.2025,0.27875
100,360,0.29,0.20125
100,370,0.3575,0.20125
110,0,0.44875,0.565
110,10,0.34875,0.35375
110,20,0.44375,0.39
110,30,0.3925,0.51125
110,40,0.465,0.36
110,50,0.36125,0.415
110,60,0.58875,0.5025
110,70,0.75875,0.5125
110,80,0.5675,0.47625
110,90,0.5575,3.1375
110,100,1.6075,11.0188
110,110,0.41625,0.42875
110,120,0.3075,0.41
110,130,0.3025,0.24625
110,140,0.395,0.14875
110,150,0.50875,0.16375
110,160,0.69375,0.27125
110,170,0.49875,0.31875
110,180,0.38875,0.14375
110,190,0.41125,0.18625
110,200,0.41125,0.26125
110,210,0.79375,2.7925
110,220,3.87375,9.70125
110,230,2.3525,6.6425
110,240,0.65625,0.29
110,250,0.80625,0.365
110,260,0.74625,0.38375
110,270,0.6175,0.24125
110,280,0.71,0.2625
110,290,1.6725,1.2325
110,300,2.10875,4.70625
110,310,3.11375,7.8625
110,320,3.70125,6.32875
110,330,2.40125,3.67875
110,340,1.54,0.23375
110,350,1.36875,0.14875
110,360,1.32625,0.21625
110,370,1.465,0.21625
120,0,0.5875,0.48
120,10,0.50875,0.42125
120,20,0.385,0.48625
120,30,0.38,0.39625
120,40,0.41625,0.28625
120,50,0.41,0.46
120,60,0.38875,0.5325
120,70,0.93375,0.40875
120,80,1.54125,0.44375
120,90,1.93875,4.4975
120,100,2.115,9.92
120,110,0.5875,0.455
120,120,0.29,0.4025
120,130,0.2425,0.33875
120,140,0.22,0.2525
120,150,0.26625,0.25375
120,160,0.34875,0.26625
120,170,0.26875,0.19125
120,180,0.185,0.17125
120,190,0.19125,0.19625
120,200,0.35,0.53625
120,210,0.3625,5.8675
120,220,2.88875,8.07
120,230,1.78375,4.31375
120,240,0.85625,0.295
120,250,0.69625,0.2425
120,260,0.35125,0.1875
120,270,0.305,0.25375
120,280,0.795,0.9625
120,290,1.30125,1.75875
120,300,2.2875,4.14125
120,310,6.3175,4.955
120,320,11.2112,4.80125
120,330,8.91625,2.785
120,340,6.45875,0.2775
120,350,6.3575,0.20375
120,360,6.05875,0.285
120,370,6.00625,0.285
130,0,0.61,0.62625
130,10,0.51625,0.4775
130,20,0.44,0.44375
130,30,0.435,0.4425
130,40,0.49125,0.435
130,50,0.445,0.61375
130,60,0.53375,0.98
130,70,0.81625,0.79875
130,80,1.41875,0.43375
130,90,1.91875,7.03875
130,100,2.1625,9.1275
130,110,0.5,0.345
130,120,0.37875,0.535
130,130,0.315,0.43625
130,140,0.38,0.26875
130,150,0.2425,0.27875
130,160,0.23,0.22875
130,170,0.2325,0.2625
130,180,0.265,0.15
130,190,0.15875,0.2225
130,200,0.3275,0.51875
130,210,0.56125,8.04125
130,220,3.205,8
130,230,1.2525,2.76375
130,240,0.51125,0.5975
130,250,0.42125,0.4375
130,260,0.26875,0.20875
130,270,0.19625,0.73125
130,280,1.20125,1.12625
130,290,0.58375,0.5475
130,300,0.23125,0.23125
130,310,0.295,0.30875
130,320,0.285,0.27875
130,330,0.32375,0.34
130,340,0.20375,0.37875
130,350,0.24125,0.4425
130,360,0.4075,0.4175
130,370,0.195,0.4175
140,0,0.46125,0.57
140,10,0.53,0.50625
140,20,0.38,0.36125
140,30,0.41,0.46625
140,40,0.44375,0.48625
140,50,0.4325,0.905
140,60,0.4275,1.25
140,70,0.7175,1.48125
140,80,1.34625,0.69625
140,90,1.3275,9.72
140,100,2.15625,8.435
140,110,0.48625,0.45125
140,120,0.51625,0.38125
140,130,0.34375,0.36625
140,140,0.49375,0.36375
140,150,0.3125,0.36875
140,160,0.335,0.22875
140,170,0.2775,0.2575
140,180,0.265,0.20875
140,190,0.27625,0.45875
140,200,0.33625,0.4825
140,210,1.32625,9.2675
140,220,3.61125,9.0175
140,230,1.00375,1.5675
140,240,0.63375,0.56
140,250,0.5425,0.485
140,260,0.4325,0.19375
140,270,0.40625,0.77125
140,280,1.62125,0.91875
140,290,0.28375,0.31
140,300,0.26875,0.3275
140,310,0.345,0.29125
140,320,0.21375,0.3075
140,330,0.1575,0.175
140,340,0.2125,0.22375
140,350,0.2175,0.40375
140,360,0.31375,0.495
140,370,0.33625,0.495
150,0,0.6225,0.47125
150,10,0.84125,0.57875
150,20,0.63125,0.46875
150,30,0.495,0.5575
150,40,0.41125,0.4125
150,50,0.44125,0.905
150,60,0.655,1.8675
150,70,0.4825,2.1425
150,80,0.4125,0.69
150,90,0.40875,12.5263
150,100,2.29875,7.01
150,110,0.4725,0.53625
150,120,0.47,0.44625
150,130,0.385,0.48375
150,140,0.455,0.2725
150,150,0.4,0.32125
150,160,0.36625,0.30125
150,170,0.47125,0.38
150,180,0.30875,0.215
150,190,0.3175,0.25375
150,200,0.27875,1.1825
150,210,1.16125,9.04
150,220,3.9525,7.7725
150,230,0.63625,0.8825
150,240,0.87125,0.66875
150,250,0.48375,0.46
150,260,0.29,0.23
150,270,0.41125,1.09375
150,280,1.7575,1.55375
150,290,0.3475,0.335
150,300,0.3525,0.29375
150,310,0.315,0.1975
150,320,0.2025,0.29125
150,330,0.30375,0.21
150,340,0.3225,0.31875
150,350,0.465,0.4625
150,360,0.3025,0.475
150,370,0.215,0.475
160,0,1.15375,0.56
160,10,0.81875,0.53125
160,20,0.66875,0.4775
160,30,0.4225,0.45125
160,40,0.45875,0.445
160,50,0.56,0.80625
160,60,0.50875,2.315
160,70,0.5125,1.9575
160,80,0.4875,0.50375
160,90,0.43125,14.4437
160,100,2.54375,4.94625
160,110,0.4025,0.40125
160,120,0.47125,0.47875
160,130,0.38875,0.38125
160,140,0.36375,0.29
160,150,0.385,0.4025
160,160,0.4875,0.47375
160,170,0.52125,0.765
160,180,0.57,0.36125
160,190,0.28,0.28
160,200,0.30375,0.5975
160,210,0.43375,10.1312
160,220,3.73875,7.61125
160,230,0.44625,0.625
160,240,0.65,0.63625
160,250,1.22,0.32875
160,260,0.6775,0.36125
160,270,0.82375,1.3625
160,280,1.00875,1.12875
160,290,0.3325,0.3025
160,300,0.55,0.23375
160,310,0.59,0.2525
160,320,0.63125,0.4975
160,330,0.51,0.20875
160,340,0.545,0.25125
160,350,0.59625,0.6575
160,360,0.88375,0.3925
160,370,0.62,0.3925
170,0,0.97125,0.6975
170,10,0.97875,0.55125
170,20,0.74,0.59875
170,30,0.62625,0.43
170,40,0.42125,0.72125
170,50,0.3825,0.8125
170,60,0.57,2.53125
170,70,0.42,1.8425
170,80,0.4,0.5475
170,90,0.595,16.4612
170,100,2.1575,2.7525
170,110,0.58625,0.5125
170,120,0.34,0.47625
170,130,0.4075,0.39375
170,140,0.36,0.27625
170,150,0.4925,0.6375
170,160,0.45125,0.6175
170,170,0.485,0.91375
170,180,0.5775,0.39875
170,190,0.445,0.33375
170,200,0.44875,0.415
170,210,0.83,10.7462
170,220,3.5725,7.35875
170,230,0.37875,0.60875
170,240,0.96,0.90125
170,250,0.83375,0.87375
170,260,0.38375,0.775
170,270,1.1375,1.7975
170,280,0.3125,0.505
170,290,0.35,0.2975
170,300,0.36875,0.30125
170,310,0.49625,0.24875
170,320,0.505,0.38375
170,330,0.4225,0.24625
170,340,0.41625,0.2075
170,350,0.37625,0.435
170,360,0.385,0.53375
170,370,0.53375,0.53375
180,0,0.8575,0.82
180,10,0.55375,0.925
180,20,1.1875,0.6325
180,30,2.635,0.6625
180,40,8.9675,0.6275
180,50,7.92,1.17
180,60,7.31625,2.35875
180,70,7.885,1.67
180,80,7.52875,0.6925
180,90,6.5625,17.9062
180,100,1.195,1.26625
180,110,0.57375,0.47375
180,120,0.34875,0.39625
180,130,0.42375,0.35625
180,140,0.505,0.31375
180,150,0.48875,0.72625
180,160,0.405,0.58375
180,170,0.4225,0.57125
180,180,0.28875,0.48875
180,190,0.43375,0.4975
180,200,0.56,0.95625
180,210,2.03625,10.2713
180,220,2.25125,6.795
180,230,0.39125,0.7925
180,240,0.7125,0.7425
180,250,0.57375,0.74375
180,260,0.77625,0.78625
180,270,1.2025,1.6875
180,280,0.32625,0.6075
180,290,0.285,0.28875
180,300,0.31625,0.27875
180,310,0.27375,0.1825
180,320,0.3325,0.29875
180,330,0.29125,0.23
180,340,0.28,0.2775
180,350,0.23625,0.49875
180,360,0.32375,0.3725
180,370,0.37125,0.3725
190,0,0.42625,0.74875
190,10,0.5775,1.73875
190,20,1.0275,1.9675
190,30,4.63,6.61
190,40,5.96875,1.66
190,50,7.035,1.57875
190,60,8.6675,1.8575
190,70,10.075,2.08375
190,80,11.9175,2.09625
190,90,12.2863,12.2763
190,100,0.67,0.715
190,110,0.565,0.37375
190,120,0.4625,0.48625
190,130,0.34875,0.365
190,140,0.39125,0.8525
190,150,0.39375,0.85
190,160,0.36875,0.46375
190,170,0.4925,0.3775
190,180,0.455,0.51625
190,190,0.62625,0.62875
190,200,0.57125,2.9975
190,210,2.43625,9.81875
190,220,1.8575,5.71
190,230,0.4375,0.41125
190,240,0.555,0.43125
190,250,0.40375,0.56375
190,260,0.505,1.56
190,270,1.125,1.85375
190,280,0.35375,0.58375
190,290,0.3025,0.34
190,300,0.2425,0.26625
190,310,0.295,0.25125
190,320,0.235,0.2775
190,330,0.19375,0.19375
190,340,0.21375,0.25625
190,350,0.2775,0.51625
190,360,0.345,0.4375
190,370,0.26,0.4375
200,0,0.46375,0.85
200,10,0.58875,1.57625
200,20,1.2225,5.65
200,30,1.96,7.73625
200,40,0.43875,0.45875
200,50,0.32125,0.66125
200,60,0.705,0.5275
200,70,0.43625,0.45125
200,80,0.49,0.6425
200,90,0.8825,0.6275
200,100,0.50125,0.88
200,110,0.69875,0.45375
200,120,0.475,0.3675
200,130,0.475,0.335
200,140,0.46875,1.0125
200,150,0.5525,0.7325
200,160,0.5,0.7475
200,170,0.48875,0.5175
200,180,0.35625,0.415
200,190,0.4875,0.79875
200,200,0.82125,4.9725
200,210,2.86625,9.5925
200,220,2.00625,3.825
200,230,0.56875,0.63875
200,240,0.64875,0.45
200,250,0.3725,0.4225
200,260,0.77625,2.0225
200,270,1.165,1.505
200,280,0.2525,0.535
200,290,0.1875,0.2975
200,300,0.1825,0.29875
200,310,0.2575,0.22375
200,320,0.32375,0.26625
200,330,0.30625,0.22625
200,340,0.22,0.22
200,350,0.16125,0.58875
200,360,0.31,0.395
200,370,0.3075,0.395
210,0,0.52,0.7675
210,10,0.62,1.4775
210,20,1.32,6.895
210,30,2.01125,6.705
210,40,0.48375,0.53375
210,50,0.44,0.4825
210,60,0.54875,0.52125
210,70,0.3825,0.575
210,80,0.4875,0.8025
210,90,0.80625,0.61625
210,100,0.4725,0.825
210,110,0.5475,0.465
210,120,0.39375,0.4625
210,130,0.3975,0.48375
210,140,0.37875,0.78125
210,150,0.41625,0.6525
210,160,0.355,0.64125
210,170,0.4925,0.615
210,180,0.3125,0.41875
210,190,0.3975,0.4875
210,200,0.53,7.4775
210,210,2.99875,9.5275
210,220,1.89125,2.1875
210,230,0.42,0.78625
210,240,0.47,0.66875
210,250,0.51,0.64125
210,260,1.375,2.60125
210,270,0.91625,0.59
210,280,0.38,0.4975
210,290,0.18,0.295
210,300,0.16375,0.27875
210,310,0.2075,0.285
210,320,0.28625,0.30875
210,330,0.28125,0.2075
210,340,0.265,0.28375
210,350,0.2925,0.52
210,360,0.3425,0.365
210,370,0.38125,0.365
220,0,0.54125,0.8825
220,10,0.635,1.0775
220,20,0.84125,9.34875
220,30,2.09875,5.0825
220,40,0.43,0.5575
220,50,0.53,0.59625
220,60,0.56625,0.4925
220,70,0.36125,0.47
220,80,1.15375,0.64375
220,90,1.45125,0.62
220,100,0.4425,0.595
220,110,0.5575,0.54625
220,120,0.445,0.40125
220,130,0.315,0.41
220,140,0.29375,0.78125
220,150,0.405,0.50375
220,160,0.36,0.42625
220,170,0.42125,0.415
220,180,0.46875,0.37375
220,190,0.5175,0.435
220,200,0.45,8.95625
220,210,4.07375,8.91
220,220,0.86125,1.05875
220,230,0.1925,0.76125
220,240,0.29625,0.39875
220,250,0.77125,1.16625
220,260,1.22875,2.51
220,270,0.3925,0.37625
220,280,0.36125,0.335
220,290,0.2175,0.27625
220,300,0.20125,0.3575
220,310,0.26125,0.38625
220,320,0.21375,0.33625
220,330,0.2225,0.19125
220,340,0.195,0.25875
220,350,0.22625,0.5725
220,360,0.26375,0.45125
220,370,0.2425,0.45125
230,0,0.46125,0.90875
230,10,0.6975,1.05125
230,20,0.89125,11.2112
230,30,1.52625,3.43875
230,40,0.495,0.4275
230,50,0.5525,0.4025
230,60,0.5425,0.4975
230,70,0.52375,1.26
230,80,3.03375,1.67125
230,90,2.20625,1.35875
230,100,0.4575,0.5125
230,110,0.41875,0.49375
230,120,0.3675,0.33625
230,130,0.38125,0.41125
230,140,0.425,0.5525
230,150,0.36625,0.41375
230,160,0.44625,0.4725
230,170,0.39875,0.37
230,180,0.46625,0.455
230,190,0.4425,0.6125
230,200,0.52,10.175
230,210,3.995,8.365
230,220,0.2875,0.475
230,230,0.31,0.6175
230,240,0.30875,1.01125
230,250,0.90375,2.55875
230,260,1.52625,1.91875
230,270,0.29125,0.3275
230,280,0.30375,0.28625
230,290,0.26625,0.3875
230,300,0.27375,0.34
230,310,0.31,0.47375
230,320,0.1775,0.3025
230,330,0.16625,0.24625
230,340,0.22125,0.245
230,350,0.2,0.6125
230,360,0.22375,0.4675
230,370,0.1975,0.4675
240,0,0.50375,0.8675
240,10,1.1225,0.855
240,20,1.38375,11.6788
240,30,2.10625,3.135
240,40,0.4775,0.3925
240,50,0.44,0.62
240,60,0.6025,0.84875
240,70,0.67125,3.985
240,80,2.12875,5.08875
240,90,1.6475,3.0175
240,100,0.37625,0.33625
240,110,0.385,0.385
240,120,0.43125,0.3725
240,130,0.515,0.54
240,140,0.41875,0.68875
240,150,0.45875,0.36875
240,160,0.39875,0.5
240,170,0.58625,0.41
240,180,0.635,0.54125
240,190,0.505,0.435
240,200,0.47375,11.08
240,210,4.155,8.1075
240,220,0.42,0.4525
240,230,0.4125,0.66375
240,240,0.54625,0.53375
240,250,0.93125,3.25125
240,260,0.755,0.79875
240,270,0.28875,0.3225
240,280,0.33625,0.33125
240,290,0.26125,0.415
240,300,0.25875,0.37875
240,310,0.2125,0.25625
240,320,0.16125,0.34875
240,330,0.17625,0.23125
240,340,0.1775,0.36375
240,350,0.225,0.61625
240,360,0.32,0.50375
240,370,0.235,0.50375
250,0,0.54875,1.26375
250,10,0.935,1.94125
250,20,1.4225,12.0137
250,30,1.46625,2.00125
250,40,0.53125,0.365
250,50,0.4275,0.425
250,60,1.84,1.415
250,70,2.235,5.545
250,80,2.4175,7.195
250,90,1.67375,3.06625
250,100,0.4275,0.3525
250,110,0.3725,0.41125
250,120,0.40375,0.47625
250,130,0.4175,0.44625
250,140,0.5325,0.54125
250,150,0.4825,0.43375
250,160,0.51125,0.5675
250,170,0.49125,0.50375
250,180,0.63875,0.55375
250,190,0.57875,0.68125
250,200,0.92375,11.2588
250,210,3.58375,7.3875
250,220,0.37625,0.3275
250,230,0.28875,0.435
250,240,0.4,0.55125
250,250,1.2025,3.0525
250,260,0.35375,0.275
250,270,0.24375,0.2525
250,280,0.21125,0.33875
250,290,0.24,0.3575
250,300,0.33,0.285
250,310,0.26125,0.345
250,320,0.2375,0.32375
250,330,0.185,0.2625
250,340,0.2225,0.35375
250,350,0.25375,0.56375
250,360,0.1925,0.41375
250,370,0.16125,0.41375
260,0,0.675,1.1425
260,10,1.3075,2.67375
260,20,2.02125,10.9975
260,30,1.57,1.48125
260,40,0.58125,0.37875
260,50,0.29625,1.71
260,60,3.32,2.7725
260,70,3.1275,5.8675
260,80,1.5775,9.22875
260,90,1.62375,2.1
260,100,0.4225,0.4525
260,110,0.455,0.475
260,120,0.285,0.5275
260,130,0.475,0.46375
260,140,0.61375,0.46875
260,150,0.4,0.525
260,160,0.50375,0.605
260,170,0.5075,0.44125
260,180,0.335,0.56125
260,190,0.51625,1.14375
260,200,1.955,11.2387
260,210,2.78375,7.35
260,220,0.31875,0.4225
260,230,0.5325,0.37625
260,240,0.6275,1.42375
260,250,0.88,2.28375
260,260,0.295,0.26
260,270,0.26,0.27
260,280,0.235,0.2425
260,290,0.21375,0.26
260,300,0.28125,0.30375
260,310,0.3775,0.58875
260,320,0.22,0.29625
260,330,0.225,0.3025
260,340,0.22875,0.4475
260,350,0.29875,0.47
260,360,0.175,0.3325
260,370,0.2775,0.3325
270,0,0.47875,1.435
270,10,1.13875,3.075
270,20,2.1875,11.4388
270,30,0.89375,0.9
270,40,0.65625,0.49875
270,50,0.7625,4.08875
270,60,2.185,2.2375
270,70,0.8525,4.285
270,80,2.75375,10.645
270,90,0.95875,0.87125
270,100,0.3975,0.4475
270,110,0.42625,0.495
270,120,0.27625,0.585
270,130,0.36625,0.6625
270,140,0.6225,0.5725
270,150,0.42,0.51125
270,160,0.44375,0.56125
270,170,0.36,0.44625
270,180,0.40375,0.67
270,190,0.60875,2.69
270,200,2.47625,10.4825
270,210,1.90625,6.0225
270,220,0.385,0.35125
270,230,0.56625,0.33875
270,240,0.3825,1.61375
270,250,0.7775,1.30875
270,260,0.35125,0.2825
270,270,0.27875,0.2625
270,280,0.22625,0.32125
270,290,0.17625,0.315
270,300,0.30125,0.39
270,310,0.3175,0.45125
270,320,0.23125,0.25125
270,330,0.18375,0.26375
270,340,0.1625,0.41
270,350,0.285,0.40125
270,360,0.30625,0.245
270,370,0.24375,0.245
280,0,0.53625,1.0425
280,10,0.8575,4.84875
280,20,1.6975,10.6425
280,30,0.53375,0.3475
280,40,0.44,0.7575
280,50,2.13125,4.93375
280,60,1.51125,1.8025
280,70,0.55375,1.81125
280,80,1.9275,8.84
280,90,0.36,0.4325
280,100,0.43625,0.42625
280,110,0.46125,0.395
280,120,0.38875,0.585
280,130,0.40625,0.64375
280,140,0.49875,0.4425
280,150,0.36125,0.495
280,160,0.3475,0.48
280,170,0.32875,0.435
280,180,0.3675,0.5325
280,190,0.4675,4.98
280,200,2.74125,10.06
280,210,2.34625,4.40375
280,220,1.71,0.4625
280,230,1.5925,0.4075
280,240,1.10375,1.80125
280,250,0.46625,0.6425
280,260,0.32125,0.405
280,270,0.30625,0.275
280,280,0.4025,0.23875
280,290,0.26375,0.3275
280,300,0.22375,0.26125
280,310,0.24375,0.33
280,320,0.26625,0.23625
280,330,0.20875,0.3775
280,340,0.21625,0.4675
280,350,0.295,0.5725
280,360,0.2825,0.36
280,370,0.2325,0.36
290,0,0.515,1.14625
290,10,0.7475,6.59875
290,20,2.62125,9.86875
290,30,3.94,0.48875
290,40,2.125,2.71125
290,50,2.71625,3.77125
290,60,1.10875,1.0675
290,70,0.35,2.4
290,80,1.23125,7.3025
290,90,0.35125,0.40375
290,100,0.3975,0.57875
290,110,0.48125,0.54
290,120,0.43625,0.4575
290,130,0.41875,0.47875
290,140,0.44125,0.4275
290,150,0.435,0.49125
290,160,0.33875,0.38625
290,170,0.385,0.38625
290,180,0.40625,0.4175
290,190,0.4875,7.52125
290,200,3.41875,9.7425
290,210,2.53125,2.895
290,220,1.76,0.96
290,230,1.90125,1.08875
290,240,1.51875,2.63375
290,250,0.52125,0.46
290,260,0.445,0.355
290,270,0.53375,0.36875
290,280,0.59375,0.4075
290,290,0.57,0.38
290,300,0.38,0.33125
290,310,0.44375,0.4075
290,320,0.65875,0.25375
290,330,0.455,0.295
290,340,0.35625,0.51625
290,350,0.60125,0.545
290,360,0.5925,0.3075
290,370,0.4175,0.3075
300,0,0.6575,0.68625
300,10,0.78375,5.1725
300,20,4.4525,7.54
300,30,10.4262,1.74875
300,40,9.08625,4.2225
300,50,1.93125,1.92875
300,60,0.53375,0.67625
300,70,0.47125,3.14125
300,80,1.04625,6.3875
300,90,0.46625,0.3175
300,100,0.38875,0.515
300,110,0.48125,0.4925
300,120,0.4825,0.4275
300,130,0.39375,0.52125
300,140,0.39625,0.44125
300,150,0.4575,0.5675
300,160,0.285,0.425
300,170,0.59625,0.495
300,180,0.4025,0.51375
300,190,0.5475,9.3975
300,200,3.72625,9.5125
300,210,1.05625,1.41375
300,220,0.395,0.47875
300,230,1.0575,0.91125
300,240,0.9525,1.85125
300,250,0.66625,0.46375
300,260,0.5025,0.41375
300,270,0.63625,0.52875
300,280,0.62375,0.53125
300,290,0.56625,0.5075
300,300,0.52375,0.415
300,310,0.465,0.53
300,320,0.58,0.5225
300,330,0.43125,0.36875
300,340,0.28625,0.65625
300,350,0.4975,0.51625
300,360,0.58375,0.4425
300,370,0.4175,0.4425
310,0,0.49,0.6
310,10,0.6425,1.23625
310,20,1.09875,1.43125
310,30,1.58625,3.11125
310,40,3.09125,6.2
310,50,1.49625,1.74375
310,60,0.3325,0.49625
310,70,0.56625,3.91375
310,80,1.565,5.7975
310,90,0.43125,0.4025
310,100,0.45,0.365
310,110,0.385,0.40875
310,120,0.3425,0.32875
310,130,0.43875,0.36625
310,140,0.40375,0.2975
310,150,0.45875,0.5725
310,160,0.335,0.44125
310,170,0.55125,0.39375
310,180,0.5375,0.45125
310,190,0.525,10.4213
310,200,4.02375,8.9425
310,210,0.85125,0.64
310,220,0.55,0.44625
310,230,0.45375,1.06875
310,240,0.69375,1.4925
310,250,0.2625,0.2525
310,260,0.2925,0.3525
310,270,0.2475,0.37875
310,280,0.34,0.31625
310,290,0.3,0.3475
310,300,0.34,0.37875
310,310,0.2725,0.235
310,320,0.3,0.26875
310,330,0.2975,0.28625
310,340,0.31,0.61
310,350,0.39375,0.475
310,360,0.225,0.26375
310,370,0.25125,0.26375
320,0,0.6025,0.5775
320,10,0.6975,1.335
320,20,1.41,1.46625
320,30,1.4225,5.97625
320,40,2.7825,4.1075
320,50,1.04125,0.995
320,60,0.29125,0.5825
320,70,0.61625,4.9475
320,80,1.755,4.94375
320,90,0.4225,0.46125
320,100,0.47375,0.385
320,110,0.40375,0.49125
320,120,0.4075,0.3975
320,130,0.3075,0.40375
320,140,0.38125,0.4175
320,150,0.4675,0.56875
320,160,0.53875,0.655
320,170,0.505,0.36
320,180,0.4625,0.44125
320,190,0.5325,11.08
320,200,4.04125,8.0325
320,210,0.55875,0.79375
320,220,0.4575,0.7225
320,230,0.725,0.77125
320,240,0.51875,1.79375
320,250,0.4775,0.3125
320,260,0.2725,0.345
320,270,0.18,0.37125
320,280,0.32625,0.43125
320,290,0.24875,0.3575
320,300,0.2,0.28375
320,310,0.23125,0.3075
320,320,0.2725,0.25375
320,330,0.34875,0.26625
320,340,0.24,0.51375
320,350,0.38375,0.48875
320,360,0.22375,0.2675
320,370,0.23125,0.2675
330,0,0.43625,0.6925
330,10,0.64875,1.55
330,20,1.64875,1.20375
330,30,3.315,8.07875
330,40,1.695,2.40125
330,50,0.40875,0.4725
330,60,0.3675,1.0525
330,70,0.6725,6.45625
330,80,1.61375,4.15375
330,90,0.49125,0.435
330,100,0.4775,0.3625
330,110,0.535,0.625
330,120,0.37125,0.3275
330,130,0.3975,0.4025
330,140,0.32625,0.39875
330,150,0.54125,0.555
330,160,0.6425,0.53625
330,170,0.385,0.2775
330,180,0.27375,0.41625
330,190,1.01375,11.7462
330,200,4.08,7.7775
330,210,0.47,0.44
330,220,0.25375,0.3225
330,230,0.17625,0.2525
330,240,0.2325,2.015
330,250,0.79875,0.56
330,260,0.33125,0.2075
330,270,0.18875,0.27
330,280,0.1475,0.32375
330,290,0.24875,0.36375
330,300,0.2225,0.285
330,310,0.2375,0.36125
330,320,0.29375,0.305
330,330,0.21125,0.33
330,340,0.17125,0.585
330,350,0.255,0.56875
330,360,0.1875,0.25
330,370,0.24625,0.25
340,0,0.5125,0.3525
340,10,0.34875,0.59
340,20,0.68,4.1675
340,30,4.435,7.38875
340,40,1.40375,1.7425
340,50,0.32125,0.38125
340,60,0.41125,1.385
340,70,0.605,7.35
340,80,1.73,3.19625
340,90,0.505,0.37625
340,100,0.4525,0.285
340,110,0.425,0.61125
340,120,0.33625,0.30625
340,130,0.33875,0.36875
340,140,0.40375,0.44625
340,150,0.445,0.46375
340,160,0.52375,0.41625
340,170,0.4675,0.36625
340,180,0.32625,0.83875
340,190,2.2475,11.525
340,200,2.71,7.245
340,210,0.41625,0.45625
340,220,0.23125,0.24
340,230,0.1675,0.31125
340,240,0.245,1.58375
340,250,0.8125,1.1925
340,260,0.24875,0.25
340,270,0.2475,0.24625
340,280,0.19125,0.28
340,290,0.165,0.395
340,300,0.2625,0.3175
340,310,0.29125,0.3
340,320,0.265,0.3125
340,330,0.27,0.3225
340,340,0.21875,0.52125
340,350,0.2425,0.39125
340,360,0.18625,0.28875
340,370,0.28,0.28875
350,0,0.65125,0.50375
350,10,0.5,0.34625
350,20,1.62875,8.41
350,30,3.6375,4.6825
350,40,0.87875,0.87
350,50,0.28875,0.46125
350,60,0.2925,1.46875
350,70,0.57125,8.51
350,80,1.31375,1.92375
350,90,0.43875,0.33375
350,100,0.44125,0.3575
350,110,0.5825,0.5625
350,120,0.41875,0.27875
350,130,0.34,0.27375
350,140,0.53125,0.4925
350,150,0.545,0.4725
350,160,0.55875,0.4725
350,170,0.51375,0.5225
350,180,0.42125,2.64
350,190,2.50875,10.7275
350,200,1.885,6.23375
350,210,0.19625,0.25125
350,220,0.22125,0.20375
350,230,0.29,0.18375
350,240,0.27625,0.98875
350,250,0.8575,1.39125
350,260,0.25625,0.23125
350,270,0.155,0.33
350,280,0.2675,0.26625
350,290,0.22375,0.3175
350,300,0.20125,0.26625
350,310,0.21625,0.24625
350,320,0.17375,0.39
350,330,0.25375,0.36875
350,340,0.25125,0.4625
350,350,0.2825,0.4275
350,360,0.285,0.315
350,370,0.21125,0.315
360,0,0.56375,0.4575
360,10,0.35375,1.8575
360,20,4.19625,9.75625
360,30,1.44625,2.40375
360,40,0.3525,0.25
360,50,0.175,0.385
360,60,0.7175,1.8225
360,70,1.14375,9.29
360,80,1.155,0.81375
360,90,0.41,0.52375
360,100,0.48,0.37875
360,110,0.5375,0.29875
360,120,0.30625,0.4075
360,130,0.4575,0.415
360,140,0.58375,0.45875
360,150,0.46,0.35375
360,160,0.495,0.475
360,170,0.43125,0.45
360,180,0.5125,4.795
360,190,2.87625,10.0512
360,200,2.22375,4.49
360,210,0.1725,0.25375
360,220,0.18875,0.2375
360,230,0.185,0.325
360,240,0.30875,0.71
360,250,0.76875,1.63
360,260,0.33,0.29
360,270,0.19875,0.3425
360,280,0.3425,0.28
360,290,0.3325,0.3
360,300,0.16875,0.21625
360,310,0.21125,0.28875
360,320,0.2025,0.2425
360,330,0.225,0.31125
360,340,0.21625,0.42125
360,350,0.29875,0.3525
360,360,0.21125,0.34125
360,370,0.32375,0.34125
370,0,0.38875,0.3925
370,10,0.39875,5.87
370,20,4.3725,6.66875
370,30,1.36875,1.675
370,40,0.30625,0.4625
370,50,0.22875,0.8275
370,60,0.545,1.95125
370,70,1.59125,8.74625
370,80,0.7525,0.67875
370,90,0.695,0.72625
370,100,0.55875,0.57375
370,110,0.37375,0.44
370,120,0.37375,0.50375
370,130,0.3375,0.52125
370,140,0.5125,0.4925
370,150,0.61875,0.32875
370,160,0.42125,0.34125
370,170,0.46875,0.41875
370,180,0.3525,7.01875
370,190,3.565,9.41375
370,200,1.51125,2.35125
370,210,0.1675,0.1375
370,220,0.2125,0.23125
370,230,0.13875,0.25125
370,240,0.29875,0.51
370,250,0.44,1.77125
370,260,0.5975,0.43625
370,270,0.17125,0.23375
370,280,0.2475,0.3275
370,290,0.20875,0.46875
370,300,0.2725,0.21375
370,310,0.2075,0.275
370,320,0.25625,0.255
370,330,0.2425,0.2825
370,340,0.43375,0.58125
370,350,0.29375,0.4025
370,360,0.25375,0.30375
370,370,0.235,0.30375
380,0,0.51375,0.405
380,10,2.23375,10.2487
380,20,2.595,3.79
380,30,0.6075,0.6725
380,40,0.25375,0.4425
380,50,0.225,1.18375
380,60,0.595,2.4825
380,70,1.69625,7.29
380,80,0.385,0.41125
380,90,0.48125,0.62
380,100,0.38375,0.60875
380,110,0.35,0.4275
380,120,0.28375,0.525
380,130,0.30125,0.41375
380,140,0.37875,0.46375
380,150,0.51375,0.43625
380,160,0.525,0.27875
380,170,0.42,0.3825
380,180,0.46875,8.88375
380,190,3.5,8.7975
380,200,0.52875,1.0775
380,210,0.3125,0.265
380,220,0.28125,0.2775
380,230,0.26375,0.19625
380,240,0.25,0.30875
380,250,0.285,1.47625
380,260,0.70875,0.8625
380,270,0.33,0.24
380,280,0.34125,0.28875
380,290,0.32625,0.36
380,300,0.2225,0.27375
380,310,0.16875,0.25875
380,320,0.21625,0.24625
380,330,0.18125,0.48625
380,340,0.41625,0.62875
380,350,0.2825,0.395
380,360,0.22375,0.36
380,370,0.27875,0.36
390,0,0.4875,2.2575
390,10,3.50375,9.3325
390,20,1.63875,2.3075
390,30,0.3475,0.56125
390,40,0.2325,0.42625
390,50,0.16,0.83875
390,60,0.975,2.64125
390,70,1.8225,5.69875
390,80,0.2825,0.345
390,90,0.3,0.3225
390,100,0.2825,0.3
390,110,0.22625,0.32125
390,120,0.2525,0.2275
390,130,0.30875,0.35875
390,140,0.35,0.32875
390,150,0.425,0.4025
390,160,0.49625,0.50125
390,170,0.4125,0.46125
390,180,0.35125,11.2375
390,190,2.07375,9.82875
390,200,1.15375,0.75375
390,210,0.8,0.22375
390,220,0.78625,0.2125
390,230,0.6775,0.215
390,240,0.4325,0.24875
390,250,0.41,1.14
390,260,0.7175,1.19625
390,270,0.3,0.38875
390,280,0.22375,0.32125
390,290,0.34375,0.51875
390,300,0.2075,0.195
390,310,0.16125,0.19125
390,320,0.20375,0.26625
390,330,0.18125,0.39125
390,340,0.2425,0.4925
390,350,0.25125,0.40375
390,360,0.1625,0.415
390,370,0.24875,0.415
400,0,0.42,5.29375
400,10,4.38625,6.04
400,20,3.79375,1.29375
400,30,0.55125,0.64125
400,40,0.18125,0.33875
400,50,0.45625,1.15875
400,60,1.8,4.07125
400,70,2.11875,5.49625
400,80,0.4775,0.3
400,90,0.33625,0.3475
400,100,0.225,0.36875
400,110,0.22625,0.4
400,120,0.30625,0.26375
400,130,0.3675,0.2675
400,140,0.40125,0.31375
400,150,0.30625,0.33375
400,160,0.3825,0.2775
400,170,0.2875,0.3275
400,180,0.27625,10.515
400,190,2.3275,9.81375
400,200,1.6525,1.3975
400,210,1.4125,0.22
400,220,1.8675,0.25375
400,230,1.86375,0.2775
400,240,1.65,0.22625
400,250,1.44375,0.8625
400,260,1.52125,1.55625
400,270,0.325,0.2525
400,280,0.535,0.25875
400,290,0.50125,0.6775
400,300,0.26875,0.16625
400,310,0.11,0.17125
400,320,0.14125,0.26625
400,330,0.15375,0.3425
400,340,0.22375,0.53875
400,350,0.3,0.2725
400,360,0.2475,0.29125
400,370,0.1875,0.29125
410,0,0.52875,2.6425
410,10,2.82625,4.065
410,20,6.20625,3.07375
410,30,7.81,0.71125
410,40,5.365,0.37875
410,50,2.5125,2.0975
410,60,0.72,5.965
410,70,1.4325,4.9325
410,80,0.2875,0.21875
410,90,0.35875,0.26375
410,100,0.27875,0.3175
410,110,0.255,0.3225
410,120,0.2525,0.3
410,130,0.3875,0.28875
410,140,0.37625,0.26125
410,150,0.25375,0.2075
410,160,0.22125,0.33
410,170,0.35,0.27875
410,180,0.5225,8.88625
410,190,2.015,9.65375
410,200,2.26875,2.1775
410,210,3.0225,0.51
410,220,3.645,0.2075
410,230,3.805,0.42875
410,240,3.9625,0.2775
410,250,3.7825,0.7875
410,260,3.595,3.1475
410,270,0.52625,0.3025
410,280,0.18,0.23
410,290,0.2075,0.315
410,300,0.2175,0.195
410,310,0.12875,0.2075
410,320,0.15,0.30375
410,330,0.21875,0.3675
410,340,0.2325,0.3725
410,350,0.17125,0.2
410,360,0.20625,0.33375
410,370,0.215,0.33375
420,0,0.59625,0.35
420,10,0.60375,0.3075
420,20,0.4575,1.0825
420,30,1.07625,3.46875
420,40,4.6,3.17625
420,50,6.815,2.1325
420,60,4.90625,6.6325
420,70,1.48875,3.565
420,80,0.255,0.215
420,90,0.1875,0.21875
420,100,0.2425,0.29125
420,110,0.2975,0.3725
420,120,0.23625,0.355
420,130,0.17625,0.2625
420,140,0.325,0.22875
420,150,0.25,0.335
420,160,0.24125,0.31625
420,170,0.2625,0.28375
420,180,0.415,7.65875
420,190,1.6725,9.735
420,200,3.1225,3.36125
420,210,2.925,1.115
420,220,3.82375,0.275
420,230,4.22875,0.26875
420,240,4.28125,0.46
420,250,4.2525,0.9625
420,260,4.75125,6.53625
420,270,2.145,0.63625
420,280,0.16,0.2825
420,290,0.2375,0.29
420,300,0.2,0.20625
420,310,0.15125,0.27125
420,320,0.2125,0.4075
420,330,0.16875,0.42625
420,340,0.27625,0.36625
420,350,0.18875,0.2
420,360,0.155,0.305
420,370,0.17375,0.305
430,0,0.4025,0.47
430,10,0.48375,0.62125
430,20,0.425,0.49875
430,30,0.4075,0.505
430,40,0.50625,0.53625
430,50,0.44125,1.67875
430,60,1.56,11.4575
430,70,1.5875,2.68375
430,80,0.1825,0.2175
430,90,0.2025,0.21875
430,100,0.175,0.25125
430,110,0.27,0.28875
430,120,0.26875,0.26
430,130,0.285,0.31375
430,140,0.24375,0.30875
430,150,0.26625,0.52375
430,160,0.35375,0.3625
430,170,0.25,0.45875
430,180,0.41875,6.83125
430,190,2.1625,10.1275
430,200,2.1025,3.76625
430,210,1.6575,2.00875
430,220,2.32625,0.6175
430,230,2.3775,0.24625
430,240,2.535,0.41125
430,250,2.66125,0.46375
430,260,2.915,9.3875
430,270,3.76,2.52375
430,280,0.28375,0.1625
430,290,0.26,0.2
430,300,0.22375,0.1075
430,310,0.2025,0.2025
430,320,0.25875,0.24875
430,330,0.2575,0.43875
430,340,0.395,0.34875
430,350,0.47375,0.19625
430,360,0.4,0.24625
430,370,0.505,0.24625
440,0,0.43875,0.30375
440,10,0.63125,0.8075
440,20,0.3625,0.40125
440,30,0.4275,0.49875
440,40,0.51125,0.54875
440,50,0.3925,0.5375
440,60,1.09875,13.805
440,70,1.37,1.61375
440,80,0.1725,0.2
440,90,0.19875,0.18625
440,100,0.2475,0.18875
440,110,0.165,0.1875
440,120,0.23125,0.27625
440,130,0.23875,0.2175
440,140,0.19625,0.25375
440,150,0.2,0.37625
440,160,0.16125,0.26375
440,170,0.225,0.6075
440,180,0.35125,5.1475
440,190,1.67375,10.57
440,200,1.47,3.95125
440,210,0.55125,2.6775
440,220,0.47,0.64125
440,230,0.51125,0.14625
440,240,0.5475,0.31
440,250,0.555,0.255
440,260,0.55375,8.62
440,270,4.51,6.125
440,280,3.77875,0.23625
440,290,4.31125,0.13375
440,300,4.71,0.18875
440,310,5.14,0.22625
440,320,5.42625,0.2475
440,330,5.7025,0.48375
440,340,5.91875,0.355
440,350,6.2075,0.1975
440,360,6.37,0.25625
440,370,6.35125,0.25625
450,0,0.4575,0.47375
450,10,0.50375,0.39875
450,20,0.43375,0.37625
450,30,0.40875,0.3575
450,40,0.3575,0.345
450,50,0.34625,1.14125
450,60,1.8475,14.1788
450,70,0.3925,0.37375
450,80,0.19125,0.22125
450,90,0.27,0.3275
450,100,0.33625,0.32125
450,110,0.175,0.25375
450,120,0.37,0.28625
450,130,0.22625,0.225
450,140,0.23,0.285
450,150,0.2025,0.37
450,160,0.19875,0.23
450,170,0.19125,0.79875
450,180,0.32875,4.255
450,190,1.96625,10.8438
450,200,1.2575,3.51
450,210,0.25375,2.30625
450,220,0.69,0.4375
450,230,0.6525,0.1625
450,240,0.58125,0.2075
450,250,0.54,0.19625
450,260,0.51875,4.20125
450,270,3.63875,6.62125
450,280,8.05625,0.47125
450,290,7.75125,0.3925
450,300,7.53625,0.38875
450,310,7.31,0.485
450,320,6.79875,0.39375
450,330,6.57125,0.6625
450,340,5.9675,0.48375
450,350,5.48,0.22
450,360,5.25125,0.38
450,370,4.79375,0.38
460,0,0.59625,0.4375
460,10,0.59625,0.48375
460,20,0.5025,0.50625
460,30,0.96375,0.39125
460,40,0.55125,0.36875
460,50,0.39375,2.8325
460,60,1.615,12.8313
460,70,0.3125,0.2375
460,80,0.23,0.2375
460,90,0.255,0.23375
460,100,0.22125,0.2025
460,110,0.15375,0.18375
460,120,0.1825,0.175
460,130,0.29625,0.19375
460,140,0.29,0.2125
460,150,0.24,0.30375
460,160,3.6575,0.28
460,170,4.285,0.98125
460,180,3.73125,5.2175
460,190,1.97125,9.3475
460,200,6.7275,2.90875
460,210,4.975,1.6225
460,220,6.52125,0.3425
460,230,7.01,0.18625
460,240,6.98,0.21375
460,250,7.085,0.175
460,260,7.04375,0.43875
460,270,6.5075,1.60875
460,280,5.405,0.27625
460,290,5.45625,0.195
460,300,5.74875,0.2375
460,310,5.735,0.22375
460,320,5.935,0.18875
460,330,5.965,0.27875
460,340,6.0425,0.30375
460,350,5.53625,0.27375
460,360,5.18875,0.4225
460,370,4.80125,0.4225
470,0,0.47,0.52
470,10,0.54125,0.565
470,20,0.43125,0.465
470,30,0.50625,0.54375
470,40,0.47125,0.49375
470,50,0.34875,4.08375
470,60,2.315,11.6338
470,70,0.2825,0.2425
470,80,0.225,0.2475
470,90,0.22125,0.2
470,100,0.23125,0.2775
470,110,0.18375,0.18
470,120,0.1275,0.21125
470,130,0.245,0.2575
470,140,0.2475,0.2075
470,150,0.32,3.36875
470,160,3.3025,0.815
470,170,2.87,0.8575
470,180,2.02625,1.7825
470,190,0.89875,3.10875
470,200,3.04,1.05375
470,210,2.19,0.57125
470,220,2.31375,0.40875
470,230,2.19875,0.42875
470,240,2.075,0.40625
470,250,1.83375,0.43375
470,260,1.7075,0.5375
470,270,1.61875,0.65375
470,280,1.36125,0.4125
470,290,0.99375,0.375
470,300,0.7775,0.43125
470,310,0.92375,0.47875
470,320,0.64375,0.26875
470,330,0.60625,0.33375
470,340,0.5675,0.45
470,350,0.5675,0.31625
470,360,0.635,0.325
470,370,0.5425,0.325
480,0,0.51125,0.42625
480,10,0.47,0.48
480,20,0.46625,0.4
480,30,0.49375,0.48875
480,40,0.51625,0.46625
480,50,0.4925,6.175
480,60,2.05,9.57375
480,70,0.2875,0.17
480,80,0.225,0.20875
480,90,0.24875,0.18
480,100,0.1825,0.2175
480,110,0.16875,0.12375
480,120,0.1875,0.13125
480,130,0.23625,0.22
480,140,0.225,0.4125
480,150,0.24625,6.06875
480,160,0.59875,0.545
480,170,0.3475,0.35375
480,180,0.3725,0.49
480,190,0.4425,0.4625
480,200,0.81375,0.36375
480,210,0.49625,0.3575
480,220,0.36,0.33625
480,230,0.345,0.345
480,240,0.395,0.3225
480,250,0.50875,0.285
480,260,0.43625,0.41375
480,270,0.53625,0.43125
480,280,0.33875,0.4125
480,290,0.625,0.28875
480,300,0.56,0.2825
480,310,0.3775,0.30625
480,320,0.4375,0.34625
480,330,0.45125,0.3575
480,340,0.45,0.395
480,350,0.65125,0.47375
480,360,0.565,0.3775
480,370,0.58375,0.3775
490,0,0.64875,0.3825
490,10,0.52375,0.65375
490,20,0.685,0.6275
490,30,0.74125,0.55125
490,40,0.59375,0.525
490,50,0.58,7.8275
490,60,1.7825,7.45625
490,70,0.17875,0.2175
490,80,0.18875,0.2175
490,90,0.265,0.23125
490,100,0.16,0.16625
490,110,0.16125,0.13
490,120,0.19,0.1625
490,130,0.26625,0.31125
490,140,0.2375,0.29375
490,150,0.30625,6.35125
490,160,0.56375,0.85875
490,170,0.41625,0.39625
490,180,0.4125,0.3925
490,190,0.34875,0.69375
490,200,0.69625,0.76125
490,210,1.0425,0.53125
490,220,0.64375,0.40125
490,230,0.555,0.3575
490,240,0.4475,0.44375
490,250,0.49875,0.4525
490,260,0.47875,0.34625
490,270,0.3875,0.33125
490,280,0.54875,0.38125
490,290,0.52,0.38625
490,300,0.4275,0.3
490,310,0.48125,0.30625
490,320,0.48875,0.3575
490,330,0.5025,0.36375
490,340,0.585,0.33625
490,350,0.6975,0.365
490,360,0.48625,0.30875
490,370,0.5625,0.30875
500,0,2.70125,0.4775
500,10,2.83875,0.4975
500,20,2.89875,0.52875
500,30,3.26875,0.41625
500,40,3.1,0.40625
500,50,3.43375,9.745
500,60,2.5575,5.7075
500,70,0.18625,0.19
500,80,0.2175,0.19125
500,90,0.25875,0.23875
500,100,0.4725,0.225
500,110,0.1725,0.21625
500,120,0.16,0.17875
500,130,0.19625,0.2575
500,140,0.32125,0.345
500,150,0.17125,6.33125
500,160,1.4675,0.93125
500,170,0.65625,0.275
500,180,0.39125,0.39125
500,190,0.55,0.39625
500,200,0.665,0.9025
500,210,0.8775,0.755
500,220,0.9425,0.5525
500,230,0.655,0.4775
500,240,0.48,0.49
500,250,0.58,0.4775
500,260,0.96125,0.4375
500,270,0.935,0.595
500,280,0.98,0.65
500,290,0.8975,0.31375
500,300,1.055,0.49625
500,310,0.9475,0.37875
500,320,0.855,0.31875
500,330,0.69,0.39375
500,340,0.60125,0.39625
500,350,0.655,0.36125
500,360,0.81,0.325
500,370,0.71,0.325
510,0,2.69,0.4625
510,10,2.74,0.5125
510,20,2.51875,0.48875
510,30,2.36,0.5675
510,40,2.2025,0.42
510,50,2.2675,9.06125
510,60,1.60625,3.17875
510,70,0.2575,0.20125
510,80,0.21,0.1475
510,90,0.22875,0.2325
510,100,0.3125,0.34
510,110,0.27,0.30125
510,120,0.2375,0.1725
510,130,0.245,0.3525
510,140,0.23375,0.31
510,150,0.2825,4.8675
510,160,1.61375,0.7825
510,170,0.83,0.6475
510,180,1.1725,0.53
510,190,2.30125,0.57625
510,200,2.3875,0.5425
510,210,2.21375,0.9225
510,220,1.84875,0.765
510,230,2.1175,0.4625
510,240,2.42875,0.525
510,250,3.05625,0.54125
510,260,2.705,0.59375
510,270,1.9775,0.5475
510,280,2.59,0.5675
510,290,2.21625,0.60125
510,300,2.465,0.64625
510,310,1.47875,0.54125
510,320,1.73,0.50875
510,330,1.665,0.4825
510,340,1.1975,0.405
510,350,1.30125,0.53125
510,360,1.13,0.445
510,370,1.41125,0.445
520,0,0.24625,0.4975
520,10,0.32625,0.41625
520,20,0.32125,0.28
520,30,0.2625,0.3575
520,40,0.30375,0.425
520,50,0.355,8.2
520,60,0.81125,1.635
520,70,0.335,0.20125
520,80,0.35875,0.19125
520,90,0.2225,0.23875
520,100,0.2925,0.255
520,110,0.40875,0.23125
520,120,0.22625,0.2175
520,130,0.225,0.22125
520,140,0.22625,0.43125
520,150,0.66,5.24875
520,160,1.325,1.46875
520,170,0.90375,1.1275
520,180,1.11,1.68875
520,190,1.445,0.85
520,200,1.47125,0.88375
520,210,1.12,0.9125
520,220,0.93,0.63125
520,230,0.65375,0.46375
520,240,0.72875,0.9325
520,250,0.64625,0.855
520,260,0.69125,1.45125
520,270,1.49,1.29
520,280,0.54625,0.77125
520,290,0.91625,0.9775
520,300,0.92,0.9725
520,310,0.7,0.6775
520,320,0.64375,0.87125
520,330,0.59125,0.655
520,340,0.4175,0.55625
520,350,0.4425,0.6075
520,360,0.6875,0.50125
520,370,0.6,0.50125
530,0,0.3175,0.37
530,10,0.23875,0.36625
530,20,0.245,0.27875
530,30,0.23875,0.35625
530,40,0.24375,0.25375
530,50,0.29625,8.86125
530,60,7.91625,1.07875
530,70,7.68375,0.1775
530,80,6.4375,0.1325
530,90,5.18125,0.14625
530,100,3.73125,0.17375
530,110,2.51,0.21875
530,120,1.2875,0.23875
530,130,0.49375,0.2425
530,140,0.2225,0.88
530,150,0.5125,4.85125
530,160,0.72125,0.92
530,170,0.87375,1.44375
530,180,1.09875,1.96875
530,190,0.86875,1.04875
530,200,0.95125,0.88
530,210,0.73375,0.8125
530,220,0.8975,0.89
530,230,0.66875,0.68125
530,240,0.5775,0.96
530,250,0.61625,1.1025
530,260,0.71625,1.305
530,270,1.21125,1.03125
530,280,0.65625,0.84375
530,290,0.82625,0.96875
530,300,0.7175,0.75
530,310,0.53125,0.54625
530,320,0.605,0.70875
530,330,0.74625,0.61125
530,340,0.5275,0.65875
530,350,0.525,0.765
530,360,0.66,0.64125
530,370,0.61625,0.64125
540,0,0.26125,0.34875
540,10,0.325,0.275
540,20,0.30125,0.35
540,30,0.34625,0.30625
540,40,0.35,0.26875
540,50,0.44,1.07875
540,60,1.1,1.59375
540,70,2.2425,1.40875
540,80,3.44125,1.37875
540,90,4.46875,1.60875
540,100,5.87125,1.36
540,110,7.2225,1.42875
540,120,8.66,0.8925
540,130,8.85,0.44375
540,140,8.24375,0.3625
540,150,6.81,5.49
540,160,1.13125,0.92
540,170,0.69875,1.78625
540,180,0.715,1.60375
540,190,0.73625,0.82125
540,200,0.6975,0.675
540,210,0.735,1.00875
540,220,0.96,1.24125
540,230,0.95625,0.9175
540,240,0.75125,0.80625
540,250,0.565,0.8725
540,260,0.80125,1.1325
540,270,0.96125,1.02875
540,280,0.8775,0.69125
540,290,0.82375,0.755
540,300,0.63375,0.55375
540,310,0.53,0.6225
540,320,0.68375,0.845
540,330,0.6475,0.6225
540,340,0.45625,0.60375
540,350,0.4025,0.355
540,360,0.44375,0.5775
540,370,0.76375,0.5775
550,0,0.31625,0.42
550,10,0.26,0.34375
550,20,0.38375,0.3575
550,30,0.35125,0.41
550,40,0.5725,0.67625
550,50,0.505,0.52875
550,60,0.425,0.44625
550,70,0.38125,0.3775
550,80,0.3025,0.26375
550,90,0.34,0.24875
550,100,0.3775,0.52375
550,110,0.68375,0.41625
550,120,0.77375,0.66
550,130,0.94875,1.425
550,140,2.26,1.64375
550,150,4.25375,3.69125
550,160,0.6425,0.8825
550,170,0.5375,1.38
550,180,0.7025,1.5825
550,190,0.85625,0.725
550,200,0.695,0.8775
550,210,0.7675,0.77625
550,220,0.89,0.8875
550,230,0.82625,0.945
550,240,0.64625,0.8825
550,250,0.65875,0.81125
550,260,0.785,1.0225
550,270,1.00125,1.015
550,280,0.8275,0.845
550,290,0.6975,1.0725
550,300,0.5425,0.72
550,310,0.745,0.78875
550,320,0.71125,0.98875
550,330,0.52,0.39375
550,340,0.4875,0.5075
550,350,0.565,0.57125
550,360,0.515,1.125
550,370,0.71125,1.125
560,0,0.31,0.29625
560,10,0.2475,0.28
560,20,0.3525,0.425
560,30,0.26375,0.40375
560,40,0.3925,0.39375
560,50,0.375,0.36375
560,60,0.37125,0.335
560,70,0.34875,0.31375
560,80,0.42,0.36875
560,90,0.445,0.45625
560,100,0.32625,0.915
560,110,0.355,0.35625
560,120,0.37,0.4375
560,130,0.62,0.48125
560,140,0.96125,0.985
560,150,1.08,4.1725
560,160,0.5775,1.1375
560,170,0.6375,1.4575
560,180,0.69,1.55125
560,190,0.86375,0.69875
560,200,0.67875,0.75
560,210,0.74125,0.89125
560,220,0.8725,0.76375
560,230,0.7475,0.8125
560,240,0.76875,0.9075
560,250,0.83625,0.705
560,260,0.78125,1.20625
560,270,0.82125,1.18875
560,280,0.89375,0.785
560,290,0.65625,0.8275
560,300,0.6025,0.68
560,310,0.81,1.1425
560,320,0.875,1.3625
560,330,0.6325,0.64875
560,340,0.68,0.6575
560,350,0.73625,0.55875
560,360,0.6675,1.00375
560,370,0.78,1.00375
570,0,0.31,0.35125
570,10,0.2475,0.25
570,20,0.3525,0.45125
570,30,0.26375,0.4025
570,40,0.3925,0.42375
570,50,0.375,0.2825
570,60,0.37125,0.2425
570,70,0.34875,0.38
570,80,0.42,0.29125
570,90,0.445,0.53
570,100,0.32625,0.92875
570,110,0.355,0.41875
570,120,0.37,0.3475
570,130,0.62,0.7175
570,140,0.96125,1.00625
570,150,1.08,4.8225
570,160,0.5775,1.095
570,170,0.6375,1.3775
570,180,0.69,1.4325
570,190,0.86375,0.66125
570,200,0.67875,0.6875
570,210,0.74125,1.1925
570,220,0.8725,0.96125
570,230,0.7475,0.77625
570,240,0.76875,0.8
570,250,0.83625,0.6475
570,260,0.78125,1.04625
570,270,0.82125,0.91625
570,280,0.89375,0.72
570,290,0.65625,0.91125
570,300,0.6025,0.715
570,310,0.81,0.92
570,320,0.875,0.835
570,330,0.6325,0.56375
570,340,0.68,0.62625
570,350,0.73625,0.69
570,360,0.6675,0.94625
570,370,0.78,0.94625
